<?xml version="1.0" encoding="UTF-8" ?>
<!DOCTYPE mapper PUBLIC "-//mybatis.org//DTD Mapper 3.0//EN" "http://mybatis.org/dtd/mybatis-3-mapper.dtd">
<mapper namespace="com.atguigu.spzx.manger.mapper.SysMenuMapper">


    <select id="selectListByUserId"  resultType="com.atguigu.spzx.model.entity.system.SysMenu">
        select m.* from sys_menu m inner join sys_role_menu srm
                                              on m.id = srm.menu_id
                                   inner join sys_user_role sur
                                              on sur.role_id=srm.role_id
        where  sur.user_id=#{userId} and m.is_deleted=0
        order by sort_value


    </select>

<!--    统计子菜单数量-->
    <select id="selectCountById" resultType="java.lang.Long">

        select count(id) from sys_menu where parent_id=#{id}

    </select>
<!--    删除菜单-->
    <update id="removeById">
        update sys_menu set is_deleted=1 ,update_time=now() where id=#{id}

    </update>


<!--    根据id修改-->
    <update id="updateById">
        update sys_menu set
        <if test="title!=null and title!=''">

            title =#{title},

        </if>
        <if test="component!=null and component!=''">

            component =#{component},

        </if>

        <if test="status==0 or status ==1 ">

            status =#{status},

        </if>
        <if test="sortValue!=null and sortValue!=''">

            sort_value =#{sortValue},

        </if>

<!--        <if test="status != null and status != ''">-->

<!--            status = #{status},-->

<!--        </if>-->
        update_time=now()
        where id =#{id}


    </update>

    <!--    新增菜单-->
    <insert id="save">
        insert into sys_menu(parent_id, title, component, sort_value, status)
            value (#{parentId}, #{title}, #{component}, #{sortValue}, #{status});
    </insert>

    <!--    查询所有菜单-->
    <select id="findNodes" resultType="com.atguigu.spzx.model.entity.system.SysMenu">

        select *
        from sys_menu
        where is_deleted = 0
        order by sort_value

    </select>
</mapper>