<?xml version="1.0" encoding="UTF-8" ?>
<!DOCTYPE mapper PUBLIC "-//mybatis.org//DTD Mapper 3.0//EN" "http://mybatis.org/dtd/mybatis-3-mapper.dtd">
<mapper namespace="com.atguigu.spzx.manger.mapper.SysRoleMapper">


    <!-- 用于select查询公用抽取的列 -->
    <sql id="columns">
        id,role_name,role_code,description,create_time,update_time,is_deleted
    </sql>

    <!--    模糊查询角色列表-->
    <select id="findByPage" resultType="com.atguigu.spzx.model.entity.system.SysRole">

        select
        <include refid="columns"/>
        from sys_role
        <where>
            <if test="roleName!=null and roleName!=''">

                role_name like CONCAT('%',#{roleName},'%')
            </if>
            and is_deleted=0

        </where>
        order by id desc

    </select>

    <!--    保存角色-->
    <insert id="saveSysRole">
        insert into sys_role (id, role_name, role_code, description)
            value (#{id}, #{roleName}, #{roleCode}, #{description})
    </insert>

    <update id="updateSysRole">
        update sys_role set
        <if test="roleName!=null and roleName!=''">
            role_name=#{roleName} ,

        </if>
        <if test="roleCode!=null and roleCode!=''">
            role_code=#{roleCode} ,

        </if>
        <if test="description!=null and description!=''">
            description=#{description} ,

        </if>
            update_time= now()
       where id=#{id}

    </update>

<!--    根据id删除角色-->

    <update id="deleteSysRoleById">
        update sys_role set is_deleted=1 ,update_time=now()
       where id =#{id}

    </update>

<!--    查询所有角色-->
    <select id="findAllRoles" resultType="com.atguigu.spzx.model.entity.system.SysRole">
     select <include refid="columns"/> from sys_role where is_deleted=0

    </select>

</mapper>