<?xml version="1.0" encoding="UTF-8" ?>
<!DOCTYPE mapper PUBLIC "-//mybatis.org//DTD Mapper 3.0//EN" "http://mybatis.org/dtd/mybatis-3-mapper.dtd">
<mapper namespace="com.atguigu.spzx.manger.mapper.SysRoleMenuMapper">

<!--    查询当前角色拥有的菜单id列表-->
    <select id="findSysRoleMenuByRoleId" resultType="java.lang.Long">
        select  menu_id from sys_role_menu where role_id=#{roleId} and is_half=0
    </select>

<!-- 删除指定角色拥有的菜单   -->
    <delete id="deleteMenuIdsByRoleId">
        delete from sys_role_menu where role_id=#{roleId}
    </delete>

<!--    保存指定角色分配的菜单-->
    <insert id="doAssign">
          insert into sys_role_menu( role_id, menu_id,  is_half)  values
           <foreach collection="menuIdList" item="menuInfo" separator=",">
               (#{roleId},#{menuInfo.menuId},#{menuInfo.isHalf})

           </foreach>
    </insert>

</mapper>