<?xml version="1.0" encoding="UTF-8" ?>
<!DOCTYPE mapper PUBLIC "-//mybatis.org//DTD Mapper 3.0//EN" "http://mybatis.org/dtd/mybatis-3-mapper.dtd">
<mapper namespace="com.atguigu.spzx.manger.mapper.SysUserMapper">

    <!--    删除用户-->

    <update id="deleteById">
        update sys_user
        set is_deleted=1,
            update_time=now()
        where id = #{userId}

    </update>

    <!--    修改用户-->
    <update id="updateSysUser">
        update sys_user set
        <if test="userName!=null and userName!=''">
            username =#{userName},

        </if>
        <if test="password!=null and password!=''">
            password =#{password},

        </if>
        <if test="name!=null and name!=''">
            name =#{name},

        </if>
        <if test="phone!=null and phone!=''">
            phone =#{phone},

        </if>
        <if test="avatar!=null and avatar!=''">
            avatar =#{avatar},

        </if>
        <if test="description!=null and description!=''">
            description =#{description},

        </if>
        <if test="status!=null and status!=''">
            status =#{status},

        </if>

        update_time =now()
        where id =#{id}


    </update>

    <!--    新增用户-->
    <insert id="saveSysUser">
        insert into sys_user(username, password, name, phone, avatar, description, status)
            value (#{userName}, #{password}, #{name}, #{phone}, #{avatar}, #{description}, #{status})

    </insert>


    <!--    分页条件查询-->
    <select id="findByPage" resultType="com.atguigu.spzx.model.entity.system.SysUser">

        select *from sys_user
        <where>
            <if test="keyword!=null and keyword!=''">

                username like CONCAT('%',#{keyword},'%') or
                name like CONCAT('%',#{keyword},'%') or
                phone like CONCAT('%',#{keyword},'%')

            </if>
            <if test="createTimeBegin!=null and createTimeBegin!=''">

                and create_time >= #{createTimeBegin}

            </if>
            <if test="createTimeEnd!=null and createTimeEnd!=''">

                and create_time &lt;= #{createTimeEnd}

            </if>

            and is_deleted=0

        </where>

        order by id desc

    </select>


    <!--sysUser字段抽取-->
    <sql id="columns">
        id,
            username,
            password,
            name,
            phone,
            avatar,
            description,
            status,
            create_time,
            update_time,
            is_deleted
    </sql>

    <!--用户登录-->
    <select id="selectSysUserByUserName" resultType="com.atguigu.spzx.model.entity.system.SysUser">

        select
        <include refid="columns"/>
        from sys_user where username =#{userName} and is_deleted=0

    </select>
</mapper>