<?xml version="1.0" encoding="UTF-8" ?>
<!DOCTYPE mapper PUBLIC "-//mybatis.org//DTD Mapper 3.0//EN" "http://mybatis.org/dtd/mybatis-3-mapper.dtd">
<mapper namespace="com.atguigu.spzx.manger.mapper.CategoryBrandMapper">


<!--    根据分类id查询品牌列表数据-->
    <select id="findBrandByCategoryId" resultType="com.atguigu.spzx.model.entity.product.Brand">
        select b.* from category_brand  cb
                            left join brand b on b.id = cb.brand_id
        where category_id=#{categoryId}  order by  cb.id desc

    </select>

<!--     删除分类品牌-->
    <delete id="deleteById">
        delete from category_brand where id=#{id}

    </delete>

<!--    修改分类品牌-->
    <update id="updateById">
        update category_brand set
                   <if test="brandId!=null and brandId!=''">

                          brand_id=#{brandId} ,
                   </if>
                    <if test="categoryId!=null and categoryId!=''">

                               category_id=#{categoryId},
                    </if>
                    update_time=now()
            where id =#{id}
    </update>
<!--     新增品牌-->
    <insert id="save">
    insert into  category_brand (brand_id, category_id)
                   value (#{brandId},#{categoryId})

    </insert>

<!--    分页条件查询分类品牌列表-->
    <select id="findByPage" resultType="com.atguigu.spzx.model.entity.product.CategoryBrand">

        select
            cb.*,
            b.name as brandName ,
            c.name as categoryName,
            b.logo
        from category_brand cb
                left join brand b on b.id = cb.brand_id
                left join category c on cb.category_id = c.id

        <where>
            <if test="brandId!=null and brandId!=''">

               and   cb.brand_id=#{brandId}
            </if>
            <if test="categoryId!=null and categoryId!=''">

                and  cb.category_id=#{categoryId}
            </if>
        </where>
        order  by id  desc





    </select>

</mapper>