<?xml version="1.0" encoding="UTF-8" ?>
<!DOCTYPE mapper PUBLIC "-//mybatis.org//DTD Mapper 3.0//EN" "http://mybatis.org/dtd/mybatis-3-mapper.dtd">
<mapper namespace="com.atguigu.spzx.manger.mapper.CategoryMapper">


<!--    导入批量保存分类数据-->
    <insert id="batchInsert">
        insert into category (id,name, image_url, parent_id, status, order_num) values
        <foreach collection="cachedDataList" item="item" separator=",">

            (#{item.id},#{item.name},#{item.imageUrl},#{item.parentId},#{item.status},#{item.orderNum})

        </foreach>


    </insert>

    <!--    查询所有正常的分类 is_delete =0-->
    <select id="selectCategoryList" resultType="com.atguigu.spzx.model.entity.product.Category">

        select
        <include refid="columns"/>
        from category where is_deleted=0
        order by order_num

    </select>

    <sql id="columns">
        id,
                 name,
             image_url,
             parent_id,
             status,
             order_num,
             create_time,
             update_time,
             is_deleted

    </sql>
    <!--    根据父级id查询下属子级分类列表-->
    <select id="findCategoryListByParentId" resultType="com.atguigu.spzx.model.entity.product.Category">

        select
        <include refid="columns"/>
        from category where parent_id=#{parentId} and is_deleted=0
        order by order_num

    </select>

    <!--    根据当前分类的id，去统计其子级分类的数据量-->
    <select id="countByParentId" resultType="java.lang.Long">

        select count(id)
        from category
        where parent_id = #{parentId}
          and is_deleted = 0

    </select>


</mapper>

