<?xml version="1.0" encoding="UTF-8" ?>
<!DOCTYPE mapper PUBLIC "-//mybatis.org//DTD Mapper 3.0//EN" "http://mybatis.org/dtd/mybatis-3-mapper.dtd">
<mapper namespace="com.atguigu.spzx.manger.mapper.ProductMapper">

<!--    根据id删除-->
    <update id="deleteById">
    update  product set is_deleted=1 ,update_time=now()
          where id =#{id }

    </update>

<!--    修改商品-->
    <update id="updateById">
        update product set
        <if test="name!=null and name !=''">
            name =#{name},
        </if>
        <if test="brandId!=null and brandId !=''">
            brand_id =#{brandId},
        </if>

        <if test="category1Id!=null and category1Id !=''">
            category1_id =#{category1Id},
        </if>

        <if test="category2Id!=null and category2Id !=''">
            category2_id =#{category2Id},
        </if>

        <if test="category3Id!=null and category3Id !=''">
            category3_id =#{category3Id},
        </if>

        <if test="unitName!=null and unitName !=''">
            unit_name =#{unitName},
        </if>

        <if test="sliderUrls!=null and sliderUrls !=''">
            slider_urls =#{sliderUrls},
        </if>

        <if test="specValue!=null and specValue !=''">
            spec_value =#{specValue},
        </if>

        <if test="status!=null and status !=''">
            status =#{status},
        </if>

        <if test="auditStatus!=null and auditStatus !=''">
            audit_status =#{auditStatus},
        </if>
        <if test="auditMessage!=null and auditMessage !=''">
            audit_message =#{auditMessage},
        </if>
        update_time =NOW()
        where id =#{id}

    </update>

    <!--    根据id查询-->
    <select id="selectByProductId" resultType="com.atguigu.spzx.model.entity.product.Product">


        select p.*,
               b.name  as brandName,
               c1.name as category1Name,
               c2.name as category2Name,
               c3.name as category3Name
        from product p
                 left join brand b on p.brand_id = b.id
                 left join category c1 on c1.id = p.category1_id
                 left join category c2 on c2.id = p.category2_id
                 left join category c3 on c3.id = p.category3_id

        where p.id = #{id}
          and b.is_deleted = 0
        order by id desc


    </select>

    <!--    保存商品信息-->
    <insert id="save" useGeneratedKeys="true" keyProperty="id">
        insert into product(name, brand_id, category1_id, category2_id, category3_id, unit_name, slider_urls,
                            spec_value, status, audit_status, audit_message)
            value (#{name}, #{brandId}, #{category1Id}, #{category2Id}, #{category3Id}, #{unitName}, #{sliderUrls},
                   #{specValue}, #{status}, #{auditStatus}, #{auditMessage})

    </insert>

    <!--    条件分页查询商品列表-->
    <select id="findByPage" resultType="com.atguigu.spzx.model.entity.product.Product">

        select p.*,
        b.name as brandName,
        c1.name as category1Name,
        c2.name as category2Name,
        c3.name as category3Name
        from product p
        left join brand b on p.brand_id = b.id
        left join category c1 on c1.id = p.category1_id
        left join category c2 on c2.id = p.category2_id
        left join category c3 on c3.id = p.category3_id


        <where>

            <if test="brandId!=null and brandId!=''">

                p.brand_id = #{brandId}
            </if>
            <if test="category1Id!=null and category1Id!=''">

                and p.category1_id = #{category1Id}
            </if>
            <if test="category2Id!=null and category2Id!=''">

                and p.category2_id = #{category2Id}
            </if>
            <if test="category3Id!=null and category3Id!=''">

                and p.category3_id = #{category3Id}
            </if>

            and p.is_deleted = 0


        </where>
        order by id desc


    </select>

</mapper>