<?xml version="1.0" encoding="UTF-8" ?>
<!DOCTYPE mapper PUBLIC "-//mybatis.org//DTD Mapper 3.0//EN" "http://mybatis.org/dtd/mybatis-3-mapper.dtd">
<mapper namespace="com.atguigu.spzx.manger.mapper.ProductDetailsMapper">

    <!--    根据productId删除details-->
    <update id="deleteByProductId">
        update product_details
        set is_deleted=1,
            update_time=now()
        where product_id = #{productId}

    </update>
    <!--    保存商品详情-->
    <update id="updateById">
        update product_details set
        <if test="productId!=null and productId!=''">
            product_id=#{productId},

        </if>
        <if test="imageUrls!=null and imageUrls!=''">
            image_urls=#{imageUrls},
        </if>
        update_time =now()
        where id=#{id }


    </update>

    <!--    根据product_id 查询商品详情信息-->
    <select id="selectByProductId" resultType="com.atguigu.spzx.model.entity.product.ProductDetails">
        select id,
               product_id,
               image_urls,
               create_time,
               update_time,
               is_deleted

        from product_details
        where product_id = #{id}
          and is_deleted = 0


    </select>
    <!--    保存商品详情-->
    <insert id="save">
        insert into product_details(product_id, image_urls)
            value (#{productId}, #{imageUrls})
    </insert>
</mapper>
