<?xml version="1.0" encoding="UTF-8" ?>
<!DOCTYPE mapper PUBLIC "-//mybatis.org//DTD Mapper 3.0//EN" "http://mybatis.org/dtd/mybatis-3-mapper.dtd">
<mapper namespace="com.atguigu.spzx.manger.mapper.ProductSpecMapper">


    <!--     查询所有规格-->
    <select id="findAll" resultType="com.atguigu.spzx.model.entity.product.ProductSpec">
        select id,
               spec_name,
               spec_value,
               create_time,
               update_time,
               is_deleted

        from product_spec
        where is_deleted = 0
        order by id

    </select>
    <!--    删除规格-->
    <update id="deleteById">
        update product_spec
        set is_deleted=1,
            update_time=now()
        where id = #{id }


    </update>

    <!--    修改商品规格-->
    <update id="updateById">
        update product_spec set
        <if test="specName!=null and specName!=''">

            spec_name=#{specName},
        </if>

        <if test="specValue!=null and specValue!=''">

            spec_value=#{specValue},
        </if>
        update_time=now()
        where id =#{id }

    </update>

    <!--    * 商品规格新增-->
    <insert id="save">
        insert into product_spec(spec_name, spec_value)
            value (#{specName}, #{specValue})

    </insert>

    <sql id="columns">
        id,
        spec_name,
        spec_value,
        create_time,
        update_time,
        is_deleted

    </sql>

    <!--    查询所有规格-->
    <select id="findByPage" resultType="com.atguigu.spzx.model.entity.product.ProductSpec">

        select<include refid="columns"/>from product_spec where is_deleted=0 order by id desc


    </select>
</mapper>