<?xml version="1.0" encoding="UTF-8" ?>
<!DOCTYPE mapper PUBLIC "-//mybatis.org//DTD Mapper 3.0//EN" "http://mybatis.org/dtd/mybatis-3-mapper.dtd">
<mapper namespace="com.atguigu.spzx.manger.mapper.ProductSkuMapper">

<!--    根据productId删除sku-->
    <update id="deleteByProductId">
        update product_sku set is_deleted=1 ,update_time=now()
       where product_id =#{productId}
    </update>

    <!--    保存sku-->
    <update id="updateById">
        update product_sku set
        <if test="skuCode!=null and skuCode!=''">
            sku_code=#{skuCode},
        </if>
        <if test="skuName!=null and skuName!=''">
            sku_name=#{skuName},
        </if>
        <if test="productId!=null and productId!=''">
            product_id=#{productId},
        </if>
        <if test="thumbImg!=null and thumbImg!=''">
            thumb_img=#{thumbImg},
        </if>
        <if test="salePrice!=null and salePrice!=''">
            sale_price=#{salePrice},
        </if>
        <if test="marketPrice!=null and marketPrice!=''">
            market_price=#{marketPrice},
        </if>
        <if test="costPrice!=null and costPrice!=''">
            cost_price=#{costPrice},
        </if>
        <if test="stockNum!=null and stockNum!=''">
            stock_num=#{stockNum},
        </if>
        <if test="saleNum!=null and saleNum!=''">
            sale_num=#{saleNum},
        </if>
        <if test="skuSpec!=null and skuSpec!=''">
            sku_spec=#{skuSpec},
        </if>
        <if test="weight!=null and weight!=''">
            weight=#{weight},
        </if>
        <if test="volume!=null and volume!=''">
            volume=#{volume},
        </if>
        <if test="status!=null and status!=''">
            status=#{status},
        </if>
            update_time =NOW()
       where id =#{id}

    </update>
    <!--    根据product_id查询sku列表-->
    <select id="selectByProductId" resultType="com.atguigu.spzx.model.entity.product.ProductSku">
        select id,
               sku_code,
               sku_name,
               product_id,
               thumb_img,
               sale_price,
               market_price,
               cost_price,
               stock_num,
               sale_num,
               sku_spec,
               weight,
               volume,
               status,
               create_time,
               update_time,
               is_deleted

        from product_sku
        where product_id = #{id}
          and is_deleted = 0
        order by id asc


    </select>
    <!--    保存sku-->
    <insert id="save">
        insert into product_sku(sku_code, sku_name, product_id, thumb_img, sale_price, market_price, cost_price,
                                stock_num, sale_num, sku_spec, weight, volume, status)
            value (#{skuCode}, #{skuName}, #{productId}, #{thumbImg}, #{salePrice}, #{marketPrice}, #{costPrice},
                   #{stockNum}, #{saleNum}, #{skuSpec}, #{weight}, #{volume}, #{status})

    </insert>
</mapper>
