<?xml version="1.0" encoding="UTF-8" ?>
<!DOCTYPE mapper PUBLIC "-//mybatis.org//DTD Mapper 3.0//EN" "http://mybatis.org/dtd/mybatis-3-mapper.dtd">
<mapper namespace="com.atguigu.spzx.product.mapper.CategoryMapper">



    <sql id="columns">
        id,
             name,
         image_url,
         parent_id,
         status,
         order_num,
         create_time,
         update_time,
         is_deleted
    </sql>

<!--    查询一级分类列表-->
    <select id="findOneCategory" resultType="com.atguigu.spzx.model.entity.product.Category">
         select
            <include refid="columns"></include>
         from category
         where parent_id=0
            and status=1
            and is_deleted=0
           order by order_num asc



    </select>

<!--    获取分类列表-->
    <select id="findAll" resultType="com.atguigu.spzx.model.entity.product.Category">
        select
        <include refid="columns"></include>
        from category
        where
         status=1
        and is_deleted=0
        order by order_num asc


    </select>

</mapper>