<?xml version="1.0" encoding="UTF-8"?>
<project xmlns="http://maven.apache.org/POM/4.0.0"
         xmlns:xsi="http://www.w3.org/2001/XMLSchema-instance"
         xsi:schemaLocation="http://maven.apache.org/POM/4.0.0 http://maven.apache.org/xsd/maven-4.0.0.xsd">
    <modelVersion>4.0.0</modelVersion>

    <groupId>com.atguigu.spzx</groupId>
    <artifactId>spzx-parent</artifactId>
    <version>1.0-SNAPSHOT</version>
    <modules>
        <module>spzx-common</module>
        <module>spzx-model</module>
        <module>spzx-manager</module>
        <module>spzx-service</module>
        <module>spzx-server-gateway</module>
        <module>spzx-service-client</module>
    </modules>
    <packaging>pom</packaging>
    <!-- 指定父工程 -->
    <parent>
        <groupId>org.springframework.boot</groupId>
        <artifactId>spring-boot-starter-parent</artifactId>
        <version>3.0.5</version>
    </parent>

    <properties>
        <maven.compiler.source>17</maven.compiler.source>
        <maven.compiler.target>17</maven.compiler.target>
        <project.build.sourceEncoding>UTF-8</project.build.sourceEncoding>
        <mysql.verison>8.0.30</mysql.verison>
        <fastjson.version>2.0.21</fastjson.version>
        <jodatime.version>2.10.1</jodatime.version>
        <lombok.version>1.18.20</lombok.version>
        <mybatis.version>3.0.1</mybatis.version>
        <cloud.version>2022.0.2</cloud.version>
        <alibaba.version>2022.0.0.0-RC2</alibaba.version>
        <alipay.version>4.8.73.ALL</alipay.version>

    </properties>

    <!-- 管理依赖，版本锁定 -->
    <dependencyManagement>

        <dependencies>

            <dependency>
                <groupId>org.springframework.cloud</groupId>
                <artifactId>spring-cloud-dependencies</artifactId>
                <version>${cloud.version}</version>
                <type>pom</type>
                <scope>import</scope>
            </dependency>
            <dependency>
                <groupId>com.alibaba.cloud</groupId>
                <artifactId>spring-cloud-alibaba-dependencies</artifactId>
                <version>${alibaba.version}</version>
                <type>pom</type>
                <scope>import</scope>
            </dependency>
            <!--导入支付宝支付sdk-->
            <dependency>
                <groupId>com.alipay.sdk</groupId>
                <artifactId>alipay-sdk-java</artifactId>
                <version>${alipay.version}</version>
            </dependency>
            <!-- mybatis和spring boot整合的起步依赖 -->
            <dependency>
                <groupId>org.mybatis.spring.boot</groupId>
                <artifactId>mybatis-spring-boot-starter</artifactId>
                <version>${mybatis.version}</version>
            </dependency>

            <!-- mysql驱动 -->
            <dependency>
                <groupId>mysql</groupId>
                <artifactId>mysql-connector-java</artifactId>
                <version>${mysql.version}</version>
            </dependency>

            <!--fastjson-->
            <dependency>
                <groupId>com.alibaba</groupId>
                <artifactId>fastjson</artifactId>
                <version>${fastjson.version}</version>
            </dependency>

            <!--日期时间工具-->
            <dependency>
                <groupId>joda-time</groupId>
                <artifactId>joda-time</artifactId>
                <version>${jodatime.version}</version>
            </dependency>

            <!-- lombok依赖 -->
            <dependency>
                <groupId>org.projectlombok</groupId>
                <artifactId>lombok</artifactId>
                <version>${lombok.version}</version>
            </dependency>

        </dependencies>

    </dependencyManagement>


</project>