<?xml version="1.0" encoding="UTF-8" ?>
<!DOCTYPE mapper PUBLIC "-//mybatis.org//DTD Mapper 3.0//EN" "http://mybatis.org/dtd/mybatis-3-mapper.dtd">
<mapper namespace="com.atguigu.spzx.pay.mapper.PaymentInfoMapper">


    <!--    修改支付记录-->
    <update id="updateById">

        update payment_info set
        <if test="outTradeNo!=null and outTradeNo!=''">
            out_trade_no=#{outTradeNo} ,
        </if>
        <if test="paymentStatus!=null and paymentStatus!=''">
            payment_status=#{paymentStatus} ,
        </if>
        <if test="callbackTime!=null">
            callback_time=#{callbackTime} ,
        </if>
        <if test="callbackContent!=null and callbackContent!=''">
            callback_content=#{callbackContent} ,
        </if>
        update_time=now()
    </update>

    <!--    保存交易记录-->

    <insert id="save">
        insert into payment_info(user_id, order_no, pay_type, amount, content, payment_status)
            value (#{userId}, #{orderNo}, #{payType}, #{amount}, #{content}, #{paymentStatus})
    </insert>

    <!--    查询交易记录-->
    <select id="getPaymentInfo" resultType="com.atguigu.spzx.model.entity.pay.PaymentInfo">
        select *
        from payment_info
        where order_no = #{orderNo}
          and is_deleted = 0

    </select>
</mapper>

