<?xml version="1.0" encoding="UTF-8" ?>
<!DOCTYPE mapper PUBLIC "-//mybatis.org//DTD Mapper 3.0//EN" "http://mybatis.org/dtd/mybatis-3-mapper.dtd">
<mapper namespace="com.atguigu.spzx.product.mapper.ProductSkuMapper">


    <sql id="columns">

        ps.id,
            ps.sku_code,
            ps.sku_name,
            ps.product_id,
            ps.thumb_img,
            ps.sale_price,
            ps.market_price,
            ps.cost_price,
            ps.stock_num,
            ps.sale_num,
            ps.sku_spec,
            ps.weight,
            ps.volume,
            ps.status,
            ps.create_time,
            ps.update_time,
            ps.is_deleted

    </sql>

<!--   获取畅销商品列表 -->
    <select id="findProductSkuBySale" resultType="com.atguigu.spzx.model.entity.product.ProductSku">

        select *from product_sku ps
                         left join product p on p.id = ps.product_id
        where p.status=1
          and p.audit_status=1
          and p.is_deleted=0
          and ps.is_deleted=0
        order by ps.sale_num desc limit  20

    </select>

<!--    条件分页查询商品列表-->
    <select id="findByPage" resultType="com.atguigu.spzx.model.entity.product.ProductSku">

        select <include refid="columns"/> from product_sku ps
                         left join product p on p.id = ps.product_id
        <where>
            <if test="keyword!=null and keyword!=''">
                  ps.sku_name like concat('%',#{keyword},'%')

            </if>

            <if test="brandId!=null and brandId!=''">
                and    p.brand_id =#{brandId}

            </if>

            <if test="category1Id!=null and category1Id!=''">
                and   p.category1_id =#{category1Id}

            </if>
            <if test="category2Id!=null and category2Id!=''">
                and   p.category2_id =#{category2Id}

            </if>
            <if test="category3Id!=null and category3Id!=''">
                and  p.category3_id =#{category3Id}

            </if>

          and p.status=1
          and p.audit_status=1
          and p.is_deleted=0
          and ps.is_deleted=0
        </where>

        <if test="order==1">
            order by ps.sale_num
        </if>
        <if test="order==2">
            order by ps.sale_price asc
        </if>
        <if test="order==3">
            order by ps.sale_price desc
        </if>

    </select>

</mapper>