<?xml version="1.0" encoding="UTF-8" ?>
<!DOCTYPE mapper PUBLIC "-//mybatis.org//DTD Mapper 3.0//EN" "http://mybatis.org/dtd/mybatis-3-mapper.dtd">
<mapper namespace="com.atguigu.spzx.order.mapper.OrderLogMapper">

<!--    修改订单日志-->
    <update id="updateByOrderId">
        update order_log set
        <if test="processStatus!=null and processStatus!=''">

            process_status=#{processStatus},
        </if>

        <if test="note!=null and note!=''">

            note=#{note},
        </if>
        update_time=now()
        where order_id=#{orderId}
    </update>
    <!--    保存日志-->
    <insert id="save">
        insert into order_log(order_id, operate_user, process_status, note)
            value (#{orderId}, #{operateUser}, #{processStatus}, #{note})
    </insert>
</mapper>
