<?xml version="1.0" encoding="UTF-8" ?>
<!DOCTYPE mapper PUBLIC "-//mybatis.org//DTD Mapper 3.0//EN" "http://mybatis.org/dtd/mybatis-3-mapper.dtd">
<mapper namespace="com.atguigu.spzx.manger.mapper.OrderStatisticsMapper">


<!--    保存订单统计结果-->
    <insert id="insert">
    insert into  order_statistics ( order_date, total_amount, total_num)
                value(#{orderDate},#{totalAmount},#{totalNum})

    </insert>

    <select id="getOrderStatisticsData" resultType="com.atguigu.spzx.model.entity.order.OrderStatistics">

        select *from order_statistics
        <where>
            <if test="createTimeBegin!=null and createTimeBegin!=''">
                order_date >= #{createTimeBegin}

            </if>
            <if test="createTimeEnd!=null and createTimeEnd!=''">
                and order_date  &lt;= #{createTimeEnd}

            </if>


        </where>




    </select>

</mapper>