<?xml version="1.0" encoding="UTF-8"?>
<project xmlns="http://maven.apache.org/POM/4.0.0"
         xmlns:xsi="http://www.w3.org/2001/XMLSchema-instance"
         xsi:schemaLocation="http://maven.apache.org/POM/4.0.0 http://maven.apache.org/xsd/maven-4.0.0.xsd">
    <parent>
        <artifactId>spzx-common</artifactId>
        <groupId>com.atguigu.spzx</groupId>
        <version>1.0-SNAPSHOT</version>
    </parent>
    <modelVersion>4.0.0</modelVersion>

    <artifactId>common-service</artifactId>

    <dependencies>

        <!-- common-util模块 -->
        <dependency>
            <groupId>com.atguigu.spzx</groupId>
            <artifactId>common-util</artifactId>
            <version>1.0-SNAPSHOT</version>
        </dependency>

        <!-- spzx-model模块 -->
        <dependency>
            <groupId>com.atguigu.spzx</groupId>
            <artifactId>spzx-model</artifactId>
            <version>1.0-SNAPSHOT</version>
        </dependency>

        <!-- spring boot web开发所需要的起步依赖 -->
        <dependency>
            <groupId>org.springframework.boot</groupId>
            <artifactId>spring-boot-starter-web</artifactId>
        </dependency>

        <dependency>
            <groupId>org.springframework.boot</groupId>
            <artifactId>spring-boot-starter-data-redis</artifactId>
            <scope>provided</scope>
        </dependency>
        <!-- openfeign依赖 -->
        <dependency>
            <groupId>org.springframework.cloud</groupId>
            <artifactId>spring-cloud-starter-openfeign</artifactId>
            <scope>provided</scope>
        </dependency>

    </dependencies>
</project>