<?xml version="1.0" encoding="UTF-8" ?>
<!DOCTYPE mapper PUBLIC "-//mybatis.org//DTD Mapper 3.0//EN" "http://mybatis.org/dtd/mybatis-3-mapper.dtd">
<mapper namespace="com.atguigu.spzx.user.mapper.UserInfoMapper">


    <!--    根据用户名查询用户信息-->
    <select id="findUserByUserName" resultType="com.atguigu.spzx.model.entity.user.UserInfo">

        select *
        from user_info
        where username = #{username}

    </select>


    <!--    用户注册-->

    <insert id="save">
        insert into user_info(username, password, nick_name, phone, avatar, sex, memo, open_id, union_id, last_login_ip,
                              last_login_time, status)
            value (#{username}, #{password}, #{nickName}, #{phone}, #{avatar}, #{sex}, #{memo}, #{openId}, #{unionId},
                   #{lastLoginIp}, #{lastLoginTime}, #{status})
    </insert>

    <!--    根据用户id修改信息-->
    <update id="updateById">

        update user_info set
        <if test="username!=null and username!=''">
            username=#{username},

        </if>

        <if test="password!=null and password!=''">
            password=#{password},

        </if>
        <if test="nickName!=null and nickName!=''">
            nick_name=#{nickName},

        </if>
        <if test="phone!=null and phone!=''">
            phone=#{phone},

        </if>
        <if test="avatar!=null and avatar!=''">
            avatar=#{avatar},

        </if>
        <if test="sex!=null and sex!=''">
            sex=#{sex},

        </if>
        <if test="memo!=null and memo!=''">
            memo=#{memo},

        </if>
        <if test="openId!=null and openId!=''">
            open_id=#{openId},

        </if>
        <if test="unionId!=null and unionId!=''">
            union_id=#{unionId},

        </if>
        <if test="lastLoginIp!=null and lastLoginIp!=''">
            last_login_ip=#{lastLoginIp},

        </if>
        <if test="lastLoginTime!=null">
            last_login_time=#{lastLoginTime},

        </if>
        <if test="status!=null and status!=''">
            status=#{status},

        </if>
          update_time=now()
      where id =#{id}

    </update>
</mapper>
